Age,Cu,Gender
5,28,F
8,20,F
10,35,F
12,22,F
15,40,F
18,47,F
22,38,F
25,30,F
30,25,F
35,35,F
40,40,F
45,38,F
50,42,F
55,37,F
60,45,F
65,50,F
70,42,F
75,38,F
80,35,F
85,30,F
90,25,F
95,22,F
5,15,M
8,12,M
12,35,M
15,30,M
20,37,M
25,32,M
30,28,M
35,25,M
40,30,M
45,35,M
50,32,M
55,28,M
60,25,M
65,22,M
70,20,M
75,18,M
80,15,M
85,12,M
90,10,M
