Age,Mg,Gender
2,45,F
5,50,F
8,55,F
15,80,F
18,95,F
22,110,F
25,115,F
30,100,F
35,115,F
40,110,F
45,120,F
50,98,F
55,125,F
60,130,F
65,120,F
70,125,F
75,115,F
80,100,F
85,115,F
90,120,F
3,25,M
7,30,M
12,40,M
20,60,M
25,65,M
30,55,M
35,70,M
40,60,M
45,65,M
50,50,M
55,70,M
60,75,M
65,60,M
70,80,M
75,70,M
80,40,M
85,50,M
90,65,M
